{
	"formatVersion": 2,
	"appVersion": "0.99.1",
	"files": [
		{
			"isClone": false,
			"noteId": "Rwog1Y0oJ2VD",
			"notePath": [
				"Rwog1Y0oJ2VD"
			],
			"title": "To Do 1.1",
			"notePosition": 0,
			"prefix": null,
			"isExpanded": true,
			"type": "book",
			"mime": "",
			"attributes": [
				{
					"type": "label",
					"name": "iconClass",
					"value": "bx bx-task",
					"isInheritable": false,
					"position": 10
				}
			],
			"attachments": [],
			"dirFileName": "To Do 1.1",
			"children": [
				{
					"isClone": false,
					"noteId": "aTme1V92zv9t",
					"notePath": [
						"Rwog1Y0oJ2VD",
						"aTme1V92zv9t"
					],
					"title": "Render Notes",
					"notePosition": 10,
					"prefix": null,
					"isExpanded": false,
					"type": "text",
					"mime": "text/html",
					"attributes": [
						{
							"type": "label",
							"name": "iconClass",
							"value": "bx bxs-chalkboard",
							"isInheritable": false,
							"position": 10
						}
					],
					"format": "html",
					"attachments": [],
					"dirFileName": "Render Notes",
					"children": [
						{
							"isClone": false,
							"noteId": "GkytZJbcT2Ny",
							"notePath": [
								"Rwog1Y0oJ2VD",
								"aTme1V92zv9t",
								"GkytZJbcT2Ny"
							],
							"title": "timeline",
							"notePosition": 0,
							"prefix": null,
							"isExpanded": false,
							"type": "code",
							"mime": "text/html",
							"attributes": [
								{
									"type": "label",
									"name": "iconClass",
									"value": "bx bx-cube",
									"isInheritable": false,
									"position": 10
								},
								{
									"type": "label",
									"name": "todoTimelineView",
									"value": "",
									"isInheritable": false,
									"position": 20
								}
							],
							"dataFileName": "timeline.html",
							"attachments": [],
							"dirFileName": "timeline",
							"children": [
								{
									"isClone": false,
									"noteId": "2W3in5SSMlVM",
									"notePath": [
										"Rwog1Y0oJ2VD",
										"aTme1V92zv9t",
										"GkytZJbcT2Ny",
										"2W3in5SSMlVM"
									],
									"title": "Scripts",
									"notePosition": 10,
									"prefix": null,
									"isExpanded": false,
									"type": "code",
									"mime": "application/javascript;env=frontend",
									"attributes": [
										{
											"type": "label",
											"name": "iconClass",
											"value": "bx bxs-file-js",
											"isInheritable": false,
											"position": 10
										}
									],
									"dataFileName": "Scripts.js",
									"attachments": [],
									"dirFileName": "Scripts",
									"children": [
										{
											"isClone": false,
											"noteId": "vrAAGjdi6jrX",
											"notePath": [
												"Rwog1Y0oJ2VD",
												"aTme1V92zv9t",
												"GkytZJbcT2Ny",
												"2W3in5SSMlVM",
												"vrAAGjdi6jrX"
											],
											"title": "timelineComplete",
											"notePosition": 10,
											"prefix": null,
											"isExpanded": false,
											"type": "code",
											"mime": "application/javascript;env=backend",
											"attributes": [],
											"dataFileName": "timelineComplete.js",
											"attachments": []
										},
										{
											"isClone": false,
											"noteId": "WFwUIqmvOGyP",
											"notePath": [
												"Rwog1Y0oJ2VD",
												"aTme1V92zv9t",
												"GkytZJbcT2Ny",
												"2W3in5SSMlVM",
												"WFwUIqmvOGyP"
											],
											"title": "timelineStartTracking",
											"notePosition": 20,
											"prefix": null,
											"isExpanded": false,
											"type": "code",
											"mime": "application/javascript;env=backend",
											"attributes": [],
											"dataFileName": "timelineStartTracking.js",
											"attachments": [],
											"dirFileName": "timelineStartTracking",
											"children": [
												{
													"isClone": false,
													"noteId": "oH8c2puYnQ2s",
													"notePath": [
														"Rwog1Y0oJ2VD",
														"aTme1V92zv9t",
														"GkytZJbcT2Ny",
														"2W3in5SSMlVM",
														"WFwUIqmvOGyP",
														"oH8c2puYnQ2s"
													],
													"title": "taskStartTracking",
													"notePosition": 10,
													"prefix": null,
													"isExpanded": false,
													"type": "code",
													"mime": "application/javascript;env=backend",
													"attributes": [],
													"dataFileName": "taskStartTracking.js",
													"attachments": []
												}
											]
										},
										{
											"isClone": false,
											"noteId": "hzZM1STiD2r0",
											"notePath": [
												"Rwog1Y0oJ2VD",
												"aTme1V92zv9t",
												"GkytZJbcT2Ny",
												"2W3in5SSMlVM",
												"hzZM1STiD2r0"
											],
											"title": "timelineStopTracking",
											"notePosition": 30,
											"prefix": null,
											"isExpanded": false,
											"type": "code",
											"mime": "application/javascript;env=backend",
											"attributes": [],
											"dataFileName": "timelineStopTracking.js",
											"attachments": [],
											"dirFileName": "timelineStopTracking",
											"children": [
												{
													"isClone": false,
													"noteId": "NiH2wWYQuSF9",
													"notePath": [
														"Rwog1Y0oJ2VD",
														"aTme1V92zv9t",
														"GkytZJbcT2Ny",
														"2W3in5SSMlVM",
														"hzZM1STiD2r0",
														"NiH2wWYQuSF9"
													],
													"title": "taskStopTracking",
													"notePosition": 10,
													"prefix": null,
													"isExpanded": false,
													"type": "code",
													"mime": "application/javascript;env=backend",
													"attributes": [],
													"dataFileName": "taskStopTracking.js",
													"attachments": [],
													"dirFileName": "taskStopTracking",
													"children": [
														{
															"isClone": false,
															"noteId": "Mk0wTSbEwOM3",
															"notePath": [
																"Rwog1Y0oJ2VD",
																"aTme1V92zv9t",
																"GkytZJbcT2Ny",
																"2W3in5SSMlVM",
																"hzZM1STiD2r0",
																"NiH2wWYQuSF9",
																"Mk0wTSbEwOM3"
															],
															"title": "taskUpdateTimeSpent",
															"notePosition": 0,
															"prefix": null,
															"isExpanded": false,
															"type": "code",
															"mime": "application/javascript;env=backend",
															"attributes": [],
															"dataFileName": "taskUpdateTimeSpent.js",
															"attachments": []
														}
													]
												}
											]
										},
										{
											"isClone": false,
											"noteId": "TKKylVzy10RF",
											"notePath": [
												"Rwog1Y0oJ2VD",
												"aTme1V92zv9t",
												"GkytZJbcT2Ny",
												"2W3in5SSMlVM",
												"TKKylVzy10RF"
											],
											"title": "timelineUnschedule",
											"notePosition": 40,
											"prefix": null,
											"isExpanded": false,
											"type": "code",
											"mime": "application/javascript;env=backend",
											"attributes": [],
											"dataFileName": "timelineUnschedule.js",
											"attachments": [],
											"dirFileName": "timelineUnschedule",
											"children": [
												{
													"isClone": false,
													"noteId": "2xL9xBwW4xtP",
													"notePath": [
														"Rwog1Y0oJ2VD",
														"aTme1V92zv9t",
														"GkytZJbcT2Ny",
														"2W3in5SSMlVM",
														"TKKylVzy10RF",
														"2xL9xBwW4xtP"
													],
													"title": "taskUnschedule",
													"notePosition": 10,
													"prefix": null,
													"isExpanded": false,
													"type": "code",
													"mime": "application/javascript;env=backend",
													"attributes": [],
													"dataFileName": "taskUnschedule.js",
													"attachments": []
												}
											]
										},
										{
											"isClone": false,
											"noteId": "FIZFN1UPFUog",
											"notePath": [
												"Rwog1Y0oJ2VD",
												"aTme1V92zv9t",
												"GkytZJbcT2Ny",
												"2W3in5SSMlVM",
												"FIZFN1UPFUog"
											],
											"title": "vis",
											"notePosition": 50,
											"prefix": null,
											"isExpanded": false,
											"type": "code",
											"mime": "application/javascript;env=frontend",
											"attributes": [],
											"dataFileName": "vis.js",
											"attachments": []
										}
									]
								},
								{
									"isClone": false,
									"noteId": "njUd5VjGyMl2",
									"notePath": [
										"Rwog1Y0oJ2VD",
										"aTme1V92zv9t",
										"GkytZJbcT2Ny",
										"njUd5VjGyMl2"
									],
									"title": "Styles",
									"notePosition": 20,
									"prefix": null,
									"isExpanded": false,
									"type": "code",
									"mime": "text/css",
									"attributes": [
										{
											"type": "label",
											"name": "appCss",
											"value": "",
											"isInheritable": false,
											"position": 10
										},
										{
											"type": "label",
											"name": "iconClass",
											"value": "bx bxl-css3",
											"isInheritable": false,
											"position": 20
										}
									],
									"dataFileName": "Styles.css",
									"attachments": [],
									"dirFileName": "Styles",
									"children": [
										{
											"isClone": false,
											"noteId": "PnWl5yRxWW5n",
											"notePath": [
												"Rwog1Y0oJ2VD",
												"aTme1V92zv9t",
												"GkytZJbcT2Ny",
												"njUd5VjGyMl2",
												"PnWl5yRxWW5n"
											],
											"title": "vis",
											"notePosition": 10,
											"prefix": null,
											"isExpanded": false,
											"type": "code",
											"mime": "text/css",
											"attributes": [
												{
													"type": "label",
													"name": "appCss",
													"value": "",
													"isInheritable": false,
													"position": 10
												}
											],
											"dataFileName": "vis.css",
											"attachments": []
										}
									]
								}
							]
						}
					]
				},
				{
					"isClone": false,
					"noteId": "8Wl0wKfTp8ll",
					"notePath": [
						"Rwog1Y0oJ2VD",
						"8Wl0wKfTp8ll"
					],
					"title": "Scripts",
					"notePosition": 20,
					"prefix": null,
					"isExpanded": true,
					"type": "text",
					"mime": "text/html",
					"attributes": [
						{
							"type": "label",
							"name": "iconClass",
							"value": "bx bxs-file-js",
							"isInheritable": false,
							"position": 10
						},
						{
							"type": "label",
							"name": "todoScripts",
							"value": "",
							"isInheritable": false,
							"position": 20
						}
					],
					"format": "html",
					"attachments": [],
					"dirFileName": "Scripts",
					"children": [
						{
							"isClone": false,
							"noteId": "i8xcTDh3Fr0V",
							"notePath": [
								"Rwog1Y0oJ2VD",
								"8Wl0wKfTp8ll",
								"i8xcTDh3Fr0V"
							],
							"title": "attributeChanged",
							"notePosition": 10,
							"prefix": null,
							"isExpanded": false,
							"type": "code",
							"mime": "application/javascript;env=backend",
							"attributes": [],
							"dataFileName": "attributeChanged.js",
							"attachments": [],
							"dirFileName": "attributeChanged",
							"children": [
								{
									"isClone": false,
									"noteId": "StZWkyrtWDqj",
									"notePath": [
										"Rwog1Y0oJ2VD",
										"8Wl0wKfTp8ll",
										"i8xcTDh3Fr0V",
										"StZWkyrtWDqj"
									],
									"title": "taskComplete",
									"notePosition": 30,
									"prefix": null,
									"isExpanded": false,
									"type": "code",
									"mime": "application/javascript;env=backend",
									"attributes": [],
									"dataFileName": "taskComplete.js",
									"attachments": [],
									"dirFileName": "taskComplete",
									"children": [
										{
											"isClone": true,
											"noteId": "NiH2wWYQuSF9",
											"notePath": [
												"Rwog1Y0oJ2VD",
												"8Wl0wKfTp8ll",
												"i8xcTDh3Fr0V",
												"StZWkyrtWDqj",
												"NiH2wWYQuSF9"
											],
											"title": "taskStopTracking",
											"prefix": null,
											"dataFileName": "taskStopTracking.clone.html",
											"type": "text",
											"format": "html"
										}
									]
								},
								{
									"isClone": false,
									"noteId": "SwQF053WNSeF",
									"notePath": [
										"Rwog1Y0oJ2VD",
										"8Wl0wKfTp8ll",
										"i8xcTDh3Fr0V",
										"SwQF053WNSeF"
									],
									"title": "taskUpdateTimeLeft",
									"notePosition": 40,
									"prefix": null,
									"isExpanded": false,
									"type": "code",
									"mime": "application/javascript;env=backend",
									"attributes": [],
									"dataFileName": "taskUpdateTimeLeft.js",
									"attachments": []
								},
								{
									"isClone": false,
									"noteId": "0Us9dIDzPPXD",
									"notePath": [
										"Rwog1Y0oJ2VD",
										"8Wl0wKfTp8ll",
										"i8xcTDh3Fr0V",
										"0Us9dIDzPPXD"
									],
									"title": "descriptionLabel",
									"notePosition": 50,
									"prefix": null,
									"isExpanded": false,
									"type": "code",
									"mime": "application/javascript;env=backend",
									"attributes": [],
									"dataFileName": "descriptionLabel.js",
									"attachments": []
								}
							]
						},
						{
							"isClone": false,
							"noteId": "SIKw60ScqBjW",
							"notePath": [
								"Rwog1Y0oJ2VD",
								"8Wl0wKfTp8ll",
								"SIKw60ScqBjW"
							],
							"title": "branchCreated",
							"notePosition": 20,
							"prefix": null,
							"isExpanded": false,
							"type": "code",
							"mime": "application/javascript;env=backend",
							"attributes": [],
							"dataFileName": "branchCreated.js",
							"attachments": [],
							"dirFileName": "branchCreated",
							"children": [
								{
									"isClone": false,
									"noteId": "U2xWiMpGkjDl",
									"notePath": [
										"Rwog1Y0oJ2VD",
										"8Wl0wKfTp8ll",
										"SIKw60ScqBjW",
										"U2xWiMpGkjDl"
									],
									"title": "taskArchive",
									"notePosition": 10,
									"prefix": null,
									"isExpanded": false,
									"type": "code",
									"mime": "application/javascript;env=backend",
									"attributes": [],
									"dataFileName": "taskArchive.js",
									"attachments": []
								},
								{
									"isClone": true,
									"noteId": "oH8c2puYnQ2s",
									"notePath": [
										"Rwog1Y0oJ2VD",
										"8Wl0wKfTp8ll",
										"SIKw60ScqBjW",
										"oH8c2puYnQ2s"
									],
									"title": "taskStartTracking",
									"prefix": null,
									"dataFileName": "taskStartTracking.clone.html",
									"type": "text",
									"format": "html"
								}
							]
						},
						{
							"isClone": false,
							"noteId": "SzcUpdgpZ0eu",
							"notePath": [
								"Rwog1Y0oJ2VD",
								"8Wl0wKfTp8ll",
								"SzcUpdgpZ0eu"
							],
							"title": "dependencies",
							"notePosition": 30,
							"prefix": null,
							"isExpanded": false,
							"type": "code",
							"mime": "application/javascript;env=frontend",
							"attributes": [],
							"attachments": [],
							"dirFileName": "dependencies",
							"children": [
								{
									"isClone": false,
									"noteId": "aPqNyAFtnO5d",
									"notePath": [
										"Rwog1Y0oJ2VD",
										"8Wl0wKfTp8ll",
										"SzcUpdgpZ0eu",
										"aPqNyAFtnO5d"
									],
									"title": "back-end",
									"notePosition": 10,
									"prefix": null,
									"isExpanded": false,
									"type": "code",
									"mime": "application/javascript;env=backend",
									"attributes": [
										{
											"type": "label",
											"name": "run",
											"value": "backendStartup",
											"isInheritable": false,
											"position": 10
										}
									],
									"dataFileName": "back-end.js",
									"attachments": [],
									"dirFileName": "back-end",
									"children": [
										{
											"isClone": false,
											"noteId": "8iEvLPp08ygi",
											"notePath": [
												"Rwog1Y0oJ2VD",
												"8Wl0wKfTp8ll",
												"SzcUpdgpZ0eu",
												"aPqNyAFtnO5d",
												"8iEvLPp08ygi"
											],
											"title": "dayjsDuration",
											"notePosition": 10,
											"prefix": null,
											"isExpanded": false,
											"type": "code",
											"mime": "application/javascript;env=backend",
											"attributes": [],
											"dataFileName": "dayjsDuration.js",
											"attachments": []
										},
										{
											"isClone": false,
											"noteId": "WFhTgscnUmBp",
											"notePath": [
												"Rwog1Y0oJ2VD",
												"8Wl0wKfTp8ll",
												"SzcUpdgpZ0eu",
												"aPqNyAFtnO5d",
												"WFhTgscnUmBp"
											],
											"title": "dayjsRelativeTime",
											"notePosition": 20,
											"prefix": null,
											"isExpanded": false,
											"type": "code",
											"mime": "application/javascript;env=backend",
											"attributes": [],
											"dataFileName": "dayjsRelativeTime.js",
											"attachments": []
										}
									]
								},
								{
									"isClone": false,
									"noteId": "jQAWxp2El5Lv",
									"notePath": [
										"Rwog1Y0oJ2VD",
										"8Wl0wKfTp8ll",
										"SzcUpdgpZ0eu",
										"jQAWxp2El5Lv"
									],
									"title": "front-end",
									"notePosition": 20,
									"prefix": null,
									"isExpanded": false,
									"type": "code",
									"mime": "application/javascript;env=frontend",
									"attributes": [],
									"dataFileName": "front-end.js",
									"attachments": [],
									"dirFileName": "front-end",
									"children": [
										{
											"isClone": false,
											"noteId": "i2AcBXrw95GU",
											"notePath": [
												"Rwog1Y0oJ2VD",
												"8Wl0wKfTp8ll",
												"SzcUpdgpZ0eu",
												"jQAWxp2El5Lv",
												"i2AcBXrw95GU"
											],
											"title": "dayjsDuration",
											"notePosition": 10,
											"prefix": null,
											"isExpanded": false,
											"type": "code",
											"mime": "application/javascript;env=frontend",
											"attributes": [],
											"dataFileName": "dayjsDuration.js",
											"attachments": []
										},
										{
											"isClone": false,
											"noteId": "rirKUQkvCY5I",
											"notePath": [
												"Rwog1Y0oJ2VD",
												"8Wl0wKfTp8ll",
												"SzcUpdgpZ0eu",
												"jQAWxp2El5Lv",
												"rirKUQkvCY5I"
											],
											"title": "dayjsRelativeTime",
											"notePosition": 20,
											"prefix": null,
											"isExpanded": false,
											"type": "code",
											"mime": "application/javascript;env=frontend",
											"attributes": [],
											"dataFileName": "dayjsRelativeTime.js",
											"attachments": []
										},
										{
											"isClone": false,
											"noteId": "DkYiwPaCuUJ4",
											"notePath": [
												"Rwog1Y0oJ2VD",
												"8Wl0wKfTp8ll",
												"SzcUpdgpZ0eu",
												"jQAWxp2El5Lv",
												"DkYiwPaCuUJ4"
											],
											"title": "dayjs",
											"notePosition": 30,
											"prefix": null,
											"isExpanded": false,
											"type": "code",
											"mime": "application/javascript;env=frontend",
											"attributes": [],
											"dataFileName": "dayjs.js",
											"attachments": []
										}
									]
								}
							]
						},
						{
							"isClone": false,
							"noteId": "pQfbHGOTf4x4",
							"notePath": [
								"Rwog1Y0oJ2VD",
								"8Wl0wKfTp8ll",
								"pQfbHGOTf4x4"
							],
							"title": "jobs",
							"notePosition": 40,
							"prefix": null,
							"isExpanded": false,
							"type": "text",
							"mime": "text/html",
							"attributes": [
								{
									"type": "label",
									"name": "iconClass",
									"value": "bx bx-code",
									"isInheritable": false,
									"position": 10
								}
							],
							"format": "html",
							"attachments": [],
							"dirFileName": "jobs",
							"children": [
								{
									"isClone": false,
									"noteId": "YLKbRinIKtTZ",
									"notePath": [
										"Rwog1Y0oJ2VD",
										"8Wl0wKfTp8ll",
										"pQfbHGOTf4x4",
										"YLKbRinIKtTZ"
									],
									"title": "archive",
									"notePosition": 10,
									"prefix": null,
									"isExpanded": false,
									"type": "code",
									"mime": "application/javascript;env=frontend",
									"attributes": [
										{
											"type": "label",
											"name": "lastRunTime",
											"value": "Tue, 21 Jun 2022 15:59:40 GMT",
											"isInheritable": false,
											"position": 20
										},
										{
											"type": "label",
											"name": "run",
											"value": "daily",
											"isInheritable": false,
											"position": 10
										}
									],
									"dataFileName": "archive.js",
									"attachments": []
								},
								{
									"isClone": false,
									"noteId": "OENUfZHBhdKw",
									"notePath": [
										"Rwog1Y0oJ2VD",
										"8Wl0wKfTp8ll",
										"pQfbHGOTf4x4",
										"OENUfZHBhdKw"
									],
									"title": "init",
									"notePosition": 20,
									"prefix": null,
									"isExpanded": false,
									"type": "code",
									"mime": "application/javascript;env=frontend",
									"attributes": [
										{
											"type": "label",
											"name": "run",
											"value": "frontendStartup",
											"isInheritable": false,
											"position": 10
										}
									],
									"dataFileName": "init.js",
									"attachments": []
								},
								{
									"isClone": false,
									"noteId": "s9UDG59SNtOC",
									"notePath": [
										"Rwog1Y0oJ2VD",
										"8Wl0wKfTp8ll",
										"pQfbHGOTf4x4",
										"s9UDG59SNtOC"
									],
									"title": "initTimeline",
									"notePosition": 30,
									"prefix": null,
									"isExpanded": false,
									"type": "code",
									"mime": "application/javascript;env=frontend",
									"attributes": [
										{
											"type": "label",
											"name": "run",
											"value": "frontendStartup",
											"isInheritable": false,
											"position": 10
										}
									],
									"dataFileName": "initTimeline.js",
									"attachments": []
								},
								{
									"isClone": false,
									"noteId": "jOaQJ8ODZfTX",
									"notePath": [
										"Rwog1Y0oJ2VD",
										"8Wl0wKfTp8ll",
										"pQfbHGOTf4x4",
										"jOaQJ8ODZfTX"
									],
									"title": "migrate",
									"notePosition": 40,
									"prefix": null,
									"isExpanded": false,
									"type": "code",
									"mime": "application/javascript;env=frontend",
									"attributes": [],
									"dataFileName": "migrate.js",
									"attachments": []
								},
								{
									"isClone": false,
									"noteId": "58xnGeDmZbMV",
									"notePath": [
										"Rwog1Y0oJ2VD",
										"8Wl0wKfTp8ll",
										"pQfbHGOTf4x4",
										"58xnGeDmZbMV"
									],
									"title": "update",
									"notePosition": 50,
									"prefix": null,
									"isExpanded": false,
									"type": "code",
									"mime": "application/javascript;env=frontend",
									"attributes": [
										{
											"type": "label",
											"name": "run",
											"value": "frontendStartup",
											"isInheritable": false,
											"position": 10
										}
									],
									"dataFileName": "update.js",
									"attachments": [],
									"dirFileName": "update",
									"children": [
										{
											"isClone": true,
											"noteId": "SwQF053WNSeF",
											"notePath": [
												"Rwog1Y0oJ2VD",
												"8Wl0wKfTp8ll",
												"pQfbHGOTf4x4",
												"58xnGeDmZbMV",
												"SwQF053WNSeF"
											],
											"title": "taskUpdateTimeLeft",
											"prefix": null,
											"dataFileName": "taskUpdateTimeLeft.clone.html",
											"type": "text",
											"format": "html"
										}
									]
								}
							]
						},
						{
							"isClone": false,
							"noteId": "V3TJltTe37sn",
							"notePath": [
								"Rwog1Y0oJ2VD",
								"8Wl0wKfTp8ll",
								"V3TJltTe37sn"
							],
							"title": "noteCreated",
							"notePosition": 50,
							"prefix": null,
							"isExpanded": true,
							"type": "code",
							"mime": "application/javascript;env=backend",
							"attributes": [
								{
									"type": "label",
									"name": "todoTaskCreate",
									"value": "",
									"isInheritable": false,
									"position": 10
								},
								{
									"type": "relation",
									"name": "location",
									"value": "8Wl0wKfTp8ll",
									"isInheritable": false,
									"position": 20
								}
							],
							"dataFileName": "noteCreated.js",
							"attachments": [],
							"dirFileName": "noteCreated",
							"children": [
								{
									"isClone": true,
									"noteId": "oH8c2puYnQ2s",
									"notePath": [
										"Rwog1Y0oJ2VD",
										"8Wl0wKfTp8ll",
										"V3TJltTe37sn",
										"oH8c2puYnQ2s"
									],
									"title": "taskStartTracking",
									"prefix": null,
									"dataFileName": "taskStartTracking.clone.html",
									"type": "text",
									"format": "html"
								}
							]
						},
						{
							"isClone": false,
							"noteId": "qKHodxvFZshC",
							"notePath": [
								"Rwog1Y0oJ2VD",
								"8Wl0wKfTp8ll",
								"qKHodxvFZshC"
							],
							"title": "shared",
							"notePosition": 60,
							"prefix": null,
							"isExpanded": false,
							"type": "code",
							"mime": "application/javascript;env=backend",
							"attributes": [
								{
									"type": "label",
									"name": "run",
									"value": "backendStartup",
									"isInheritable": false,
									"position": 10
								}
							],
							"attachments": [],
							"dirFileName": "shared",
							"children": [
								{
									"isClone": true,
									"noteId": "SwQF053WNSeF",
									"notePath": [
										"Rwog1Y0oJ2VD",
										"8Wl0wKfTp8ll",
										"qKHodxvFZshC",
										"SwQF053WNSeF"
									],
									"title": "taskUpdateTimeLeft",
									"prefix": null,
									"dataFileName": "taskUpdateTimeLeft.clone.html",
									"type": "text",
									"format": "html"
								},
								{
									"isClone": true,
									"noteId": "Mk0wTSbEwOM3",
									"notePath": [
										"Rwog1Y0oJ2VD",
										"8Wl0wKfTp8ll",
										"qKHodxvFZshC",
										"Mk0wTSbEwOM3"
									],
									"title": "taskUpdateTimeSpent",
									"prefix": null,
									"dataFileName": "taskUpdateTimeSpent.clone.html",
									"type": "text",
									"format": "html"
								},
								{
									"isClone": true,
									"noteId": "NiH2wWYQuSF9",
									"notePath": [
										"Rwog1Y0oJ2VD",
										"8Wl0wKfTp8ll",
										"qKHodxvFZshC",
										"NiH2wWYQuSF9"
									],
									"title": "taskStopTracking",
									"prefix": null,
									"dataFileName": "taskStopTracking.clone.html",
									"type": "text",
									"format": "html"
								},
								{
									"isClone": true,
									"noteId": "oH8c2puYnQ2s",
									"notePath": [
										"Rwog1Y0oJ2VD",
										"8Wl0wKfTp8ll",
										"qKHodxvFZshC",
										"oH8c2puYnQ2s"
									],
									"title": "taskStartTracking",
									"prefix": null,
									"dataFileName": "taskStartTracking.clone.html",
									"type": "text",
									"format": "html"
								},
								{
									"isClone": true,
									"noteId": "2xL9xBwW4xtP",
									"notePath": [
										"Rwog1Y0oJ2VD",
										"8Wl0wKfTp8ll",
										"qKHodxvFZshC",
										"2xL9xBwW4xtP"
									],
									"title": "taskUnschedule",
									"prefix": null,
									"dataFileName": "taskUnschedule.clone.html",
									"type": "text",
									"format": "html"
								},
								{
									"isClone": true,
									"noteId": "U2xWiMpGkjDl",
									"notePath": [
										"Rwog1Y0oJ2VD",
										"8Wl0wKfTp8ll",
										"qKHodxvFZshC",
										"U2xWiMpGkjDl"
									],
									"title": "taskArchive",
									"prefix": null,
									"dataFileName": "taskArchive.clone.html",
									"type": "text",
									"format": "html"
								},
								{
									"isClone": true,
									"noteId": "StZWkyrtWDqj",
									"notePath": [
										"Rwog1Y0oJ2VD",
										"8Wl0wKfTp8ll",
										"qKHodxvFZshC",
										"StZWkyrtWDqj"
									],
									"title": "taskComplete",
									"prefix": null,
									"dataFileName": "taskComplete.clone.html",
									"type": "text",
									"format": "html"
								}
							]
						}
					]
				},
				{
					"isClone": false,
					"noteId": "vO1FbXxSNrkk",
					"notePath": [
						"Rwog1Y0oJ2VD",
						"vO1FbXxSNrkk"
					],
					"title": "Styles",
					"notePosition": 30,
					"prefix": null,
					"isExpanded": false,
					"type": "text",
					"mime": "text/html",
					"attributes": [
						{
							"type": "label",
							"name": "iconClass",
							"value": "bx bxl-css3",
							"isInheritable": false,
							"position": 1
						}
					],
					"format": "html",
					"attachments": [],
					"dirFileName": "Styles",
					"children": [
						{
							"isClone": false,
							"noteId": "iu5fUQDZojxG",
							"notePath": [
								"Rwog1Y0oJ2VD",
								"vO1FbXxSNrkk",
								"iu5fUQDZojxG"
							],
							"title": "task",
							"notePosition": 10,
							"prefix": null,
							"isExpanded": false,
							"type": "code",
							"mime": "text/css",
							"attributes": [
								{
									"type": "label",
									"name": "appCss",
									"value": "",
									"isInheritable": false,
									"position": 10
								}
							],
							"dataFileName": "task.css",
							"attachments": []
						}
					]
				},
				{
					"isClone": false,
					"noteId": "jnbtp9uLSQyB",
					"notePath": [
						"Rwog1Y0oJ2VD",
						"jnbtp9uLSQyB"
					],
					"title": "Templates",
					"notePosition": 40,
					"prefix": null,
					"isExpanded": true,
					"type": "book",
					"mime": "",
					"attributes": [
						{
							"type": "label",
							"name": "todoTemplates",
							"value": "",
							"isInheritable": false,
							"position": 20
						},
						{
							"type": "label",
							"name": "iconClass",
							"value": "bx bx-copy",
							"isInheritable": false,
							"position": 10
						}
					],
					"attachments": [],
					"dirFileName": "Templates",
					"children": [
						{
							"isClone": false,
							"noteId": "pI4Z346rihg4",
							"notePath": [
								"Rwog1Y0oJ2VD",
								"jnbtp9uLSQyB",
								"pI4Z346rihg4"
							],
							"title": "task",
							"notePosition": 10,
							"prefix": null,
							"isExpanded": false,
							"type": "text",
							"mime": "text/html",
							"attributes": [
								{
									"type": "label",
									"name": "label:completedDate",
									"value": "promoted,alias=Date Completed,single,date",
									"isInheritable": false,
									"position": 20
								},
								{
									"type": "relation",
									"name": "runOnBranchCreation",
									"value": "SIKw60ScqBjW",
									"isInheritable": false,
									"position": 90
								},
								{
									"type": "label",
									"name": "label:addDescription",
									"value": "promoted,alias=Add Description,single,boolean",
									"isInheritable": false,
									"position": 30
								},
								{
									"type": "label",
									"name": "label:dueDate",
									"value": "promoted,alias=Due Date,single,date",
									"isInheritable": false,
									"position": 10
								},
								{
									"type": "label",
									"name": "iconClass",
									"value": "bx bx-task",
									"isInheritable": false,
									"position": 50
								},
								{
									"type": "label",
									"name": "template",
									"value": "",
									"isInheritable": false,
									"position": 60
								},
								{
									"type": "label",
									"name": "todoItem",
									"value": "",
									"isInheritable": false,
									"position": 70
								},
								{
									"type": "label",
									"name": "cssClass",
									"value": "task",
									"isInheritable": false,
									"position": 40
								},
								{
									"type": "relation",
									"name": "runOnAttributeChange",
									"value": "i8xcTDh3Fr0V",
									"isInheritable": false,
									"position": 80
								}
							],
							"format": "html",
							"dataFileName": "task.html",
							"attachments": []
						},
						{
							"isClone": false,
							"noteId": "m5GrQcV5VKAH",
							"notePath": [
								"Rwog1Y0oJ2VD",
								"jnbtp9uLSQyB",
								"m5GrQcV5VKAH"
							],
							"title": "troubleTicket",
							"notePosition": 11,
							"prefix": null,
							"isExpanded": false,
							"type": "text",
							"mime": "text/html",
							"attributes": [
								{
									"type": "label",
									"name": "label:dueDate",
									"value": "promoted,alias=Due Date,single,date",
									"isInheritable": false,
									"position": 10
								},
								{
									"type": "label",
									"name": "iconClass",
									"value": "bx bx-task",
									"isInheritable": false,
									"position": 40
								},
								{
									"type": "label",
									"name": "relation:os",
									"value": "promoted,alias=Operating System,single",
									"isInheritable": false,
									"position": 110
								},
								{
									"type": "label",
									"name": "template",
									"value": "",
									"isInheritable": false,
									"position": 50
								},
								{
									"type": "label",
									"name": "label:addDescription",
									"value": "promoted,alias=Add Description,single,boolean",
									"isInheritable": false,
									"position": 120
								},
								{
									"type": "label",
									"name": "relation:priority",
									"value": "promoted,alias=Priority,single",
									"isInheritable": false,
									"position": 100
								},
								{
									"type": "label",
									"name": "todoItem",
									"value": "",
									"isInheritable": false,
									"position": 60
								},
								{
									"type": "relation",
									"name": "runOnBranchCreation",
									"value": "SIKw60ScqBjW",
									"isInheritable": false,
									"position": 80
								},
								{
									"type": "label",
									"name": "label:completedDate",
									"value": "promoted,alias=Date Completed,single,date",
									"isInheritable": false,
									"position": 20
								},
								{
									"type": "relation",
									"name": "runOnAttributeChange",
									"value": "i8xcTDh3Fr0V",
									"isInheritable": false,
									"position": 70
								},
								{
									"type": "label",
									"name": "relation:type",
									"value": "promoted,alias=Request Type,single",
									"isInheritable": true,
									"position": 90
								},
								{
									"type": "label",
									"name": "cssClass",
									"value": "task",
									"isInheritable": false,
									"position": 30
								}
							],
							"format": "html",
							"dataFileName": "troubleTicket.html",
							"attachments": []
						}
					]
				},
				{
					"isClone": false,
					"noteId": "ZiHfNlVYSoSX",
					"notePath": [
						"Rwog1Y0oJ2VD",
						"ZiHfNlVYSoSX"
					],
					"title": "Widgets",
					"notePosition": 50,
					"prefix": null,
					"isExpanded": true,
					"type": "text",
					"mime": "text/html",
					"attributes": [
						{
							"type": "label",
							"name": "iconClass",
							"value": "bx bxs-widget",
							"isInheritable": false,
							"position": 10
						},
						{
							"type": "label",
							"name": "todoWidgets",
							"value": "",
							"isInheritable": false,
							"position": 20
						}
					],
					"format": "html",
					"attachments": [],
					"dirFileName": "Widgets",
					"children": [
						{
							"isClone": false,
							"noteId": "KxUZxQ4OG2x9",
							"notePath": [
								"Rwog1Y0oJ2VD",
								"ZiHfNlVYSoSX",
								"KxUZxQ4OG2x9"
							],
							"title": "task",
							"notePosition": 10,
							"prefix": null,
							"isExpanded": false,
							"type": "code",
							"mime": "application/javascript;env=frontend",
							"attributes": [
								{
									"type": "label",
									"name": "widget",
									"value": "",
									"isInheritable": false,
									"position": 10
								}
							],
							"dataFileName": "task.js",
							"attachments": [],
							"dirFileName": "task",
							"children": [
								{
									"isClone": true,
									"noteId": "Mk0wTSbEwOM3",
									"notePath": [
										"Rwog1Y0oJ2VD",
										"ZiHfNlVYSoSX",
										"KxUZxQ4OG2x9",
										"Mk0wTSbEwOM3"
									],
									"title": "taskUpdateTimeSpent",
									"prefix": null,
									"dataFileName": "taskUpdateTimeSpent.clone.html",
									"type": "text",
									"format": "html"
								},
								{
									"isClone": true,
									"noteId": "NiH2wWYQuSF9",
									"notePath": [
										"Rwog1Y0oJ2VD",
										"ZiHfNlVYSoSX",
										"KxUZxQ4OG2x9",
										"NiH2wWYQuSF9"
									],
									"title": "taskStopTracking",
									"prefix": null,
									"dataFileName": "taskStopTracking.clone.html",
									"type": "text",
									"format": "html"
								},
								{
									"isClone": true,
									"noteId": "oH8c2puYnQ2s",
									"notePath": [
										"Rwog1Y0oJ2VD",
										"ZiHfNlVYSoSX",
										"KxUZxQ4OG2x9",
										"oH8c2puYnQ2s"
									],
									"title": "taskStartTracking",
									"prefix": null,
									"dataFileName": "taskStartTracking.clone.html",
									"type": "text",
									"format": "html"
								},
								{
									"isClone": true,
									"noteId": "U2xWiMpGkjDl",
									"notePath": [
										"Rwog1Y0oJ2VD",
										"ZiHfNlVYSoSX",
										"KxUZxQ4OG2x9",
										"U2xWiMpGkjDl"
									],
									"title": "taskArchive",
									"prefix": null,
									"dataFileName": "taskArchive.clone.html",
									"type": "text",
									"format": "html"
								}
							]
						}
					]
				},
				{
					"isClone": false,
					"noteId": "mYzto4qUXCB3",
					"notePath": [
						"Rwog1Y0oJ2VD",
						"mYzto4qUXCB3"
					],
					"title": "To Do Loader",
					"notePosition": 70,
					"prefix": null,
					"isExpanded": false,
					"type": "code",
					"mime": "application/javascript;env=frontend",
					"attributes": [
						{
							"type": "label",
							"name": "run",
							"value": "frontendStartup",
							"isInheritable": false,
							"position": 10
						}
					],
					"dataFileName": "To Do Loader.js",
					"attachments": []
				}
			]
		},
		{
			"noImport": true,
			"dataFileName": "navigation.html"
		},
		{
			"noImport": true,
			"dataFileName": "index.html"
		},
		{
			"noImport": true,
			"dataFileName": "style.css"
		}
	]
}